<?xml version="1.0" encoding="utf-8" standalone="yes"?>
<rss version="2.0" xmlns:atom="http://www.w3.org/2005/Atom">
  <channel>
    <title>Categories on Md Shahareaj Islam</title>
    <link>https://example.org/categories/</link>
    <description>Recent content in Categories on Md Shahareaj Islam</description>
    <generator>Hugo -- gohugo.io</generator>
    <language>en-us</language><atom:link href="https://example.org/categories/index.xml" rel="self" type="application/rss+xml" />
  </channel>
</rss>
