<?xml version="1.0" encoding="utf-8" standalone="yes"?>
<rss version="2.0" xmlns:atom="http://www.w3.org/2005/Atom">
  <channel>
    <title>Home on Md Shahareaj Islam</title>
    <link>https://example.org/</link>
    <description>Recent content in Home on Md Shahareaj Islam</description>
    <generator>Hugo -- gohugo.io</generator>
    <language>en-us</language>
    <lastBuildDate>Sun, 19 Dec 2021 00:00:00 +0000</lastBuildDate><atom:link href="https://example.org/index.xml" rel="self" type="application/rss+xml" />
    <item>
      <title>1. Theme Installation</title>
      <link>https://example.org/articles/installation/</link>
      <pubDate>Sun, 19 Dec 2021 00:00:00 +0000</pubDate>
      
      <guid>https://example.org/articles/installation/</guid>
      <description>Create a new hugo website or open your existing hugo site.
Add the theme to your hugo site Use as a git submodule:
git submodule add https://github.com/apvarun/digital-garden-hugo-theme.git themes/digitalgarden Clone the repository (one-off, updating the theme may be harder later):
git clone https://github.com/apvarun/digital-garden-hugo-theme.git themes/digitalgarden Setup  Copy package.json, package-lock.json and tailwind.config.js files from the theme/digitalgarden folder to the root folder of your the website Run npm install to install required packages for theme Run npm i -g postcss-cli to use PostCSS with Hugo build Set theme = &#39;digitalgarden&#39; in config.</description>
    </item>
    
    <item>
      <title>2. Structure</title>
      <link>https://example.org/articles/structure/</link>
      <pubDate>Sat, 18 Dec 2021 00:00:00 +0000</pubDate>
      
      <guid>https://example.org/articles/structure/</guid>
      <description>Understand the structure of the theme&amp;rsquo;s setup to create content for your website.
Theme&amp;rsquo;s content structure . ├── ... ├── content # Hosts all Markdown content │ ├── articles # Contains the list of markdown files for notes/posts │ │ ├── article-1.md │ │ ├── article-2.md │ │ └── article-3.md │ └── portfolio # List of portfolio projects or case studies │ ├── project-1.md │ └── project-2.md ├── data # Test files (alternatively `spec` or `tests`) │ └── stack.</description>
    </item>
    
    <item>
      <title>3. Primary Menu</title>
      <link>https://example.org/articles/primary-menu/</link>
      <pubDate>Sat, 18 Dec 2021 00:00:00 +0000</pubDate>
      
      <guid>https://example.org/articles/primary-menu/</guid>
      <description>The sidebar of the theme uses the main menu. Add all the items for your sidebar navigation in this menu.
// config.toml
[menu] [[menu.main]]  name = &amp;#39;Home&amp;#39;  url = &amp;#39;/&amp;#39;  weight = 1 [[menu.main]]  name = &amp;#39;Content&amp;#39;  params.header = true  weight = 2 [[menu.main]]  name = &amp;#39;Articles&amp;#39;  url = &amp;#39;/articles&amp;#39;  weight = 3  name → Title of the menu item url → Path to navigate weight → Used to decide the order of menu items params.</description>
    </item>
    
    <item>
      <title>4. Social Menu</title>
      <link>https://example.org/articles/social-menu/</link>
      <pubDate>Sat, 18 Dec 2021 00:00:00 +0000</pubDate>
      
      <guid>https://example.org/articles/social-menu/</guid>
      <description>The social menu can be used to configure all the social icons in the sidebar. Add links to your social media in the website config to show the icons.
[[menu.social]]  name = &amp;#39;Twitter&amp;#39;  url = &amp;#39;https://twitter.com&amp;#39;  weight = 1 The name of the social menu needs to be unique and should be one of the supported values.
Supported values for the social menu item name:
 Twitter GitHub LinkedIn Instagram Mastodon Dribbble Codepen Twitch Email RSS  → Configure newsletter</description>
    </item>
    
    <item>
      <title>5. Newsletter</title>
      <link>https://example.org/articles/newsletter/</link>
      <pubDate>Sat, 18 Dec 2021 00:00:00 +0000</pubDate>
      
      <guid>https://example.org/articles/newsletter/</guid>
      <description>The theme supports a subscription to multiple newsletter providers.
 Buttondown Substack Revue  Buttondown [Params.newsletter.provider] = &amp;ldquo;buttondown&amp;rdquo;
Copy the action url from your buttondown admin dashboard and add it to [Params.newsletter.path] in config.toml
Substack [Params.newsletter.provider] = &amp;ldquo;substack&amp;rdquo;
Setting up substack is the easiest. Just add your substack newsletter URL (applicable for custom domains also) to [Params.newsletter.path] in config.toml
Note that since substack doesn&amp;rsquo;t have a native API for subscription. The theme uses the api from substackapi.</description>
    </item>
    
    <item>
      <title>6. Google Analytics</title>
      <link>https://example.org/articles/google-analytics/</link>
      <pubDate>Sat, 18 Dec 2021 00:00:00 +0000</pubDate>
      
      <guid>https://example.org/articles/google-analytics/</guid>
      <description>Digital garden theme utilizes the Hugo&amp;rsquo;s [internal template](internal templates) for Google analytics and so both Google analytics v3 and GA v4 (gtag) are supported.
Add your UA-PROPERTY_ID or G-MEASUREMENT_ID to config.toml
Google Analytics v3 (analytics.js) googleAnalytics = &amp;#39;UA-PROPERTY_ID&amp;#39; Google Analytics v4 (gtag.js) googleAnalytics = &amp;#39;G-MEASUREMENT_ID&amp;#39; → Configure Metatags</description>
    </item>
    
    <item>
      <title>7. Metatags</title>
      <link>https://example.org/articles/metatags/</link>
      <pubDate>Sat, 18 Dec 2021 00:00:00 +0000</pubDate>
      
      <guid>https://example.org/articles/metatags/</guid>
      <description>Metatags are used to provide additional information about the page, usualy used by search engines and social media websites / apps. It allows to customize your page&amp;rsquo;s title, description, preview image and more.
Configure default tags // config.toml
title = &amp;#34;Personal Digital Garden&amp;#34;  [Params]  description = &amp;#34;My Digital Garden on the Internet&amp;#34;  images = [&amp;#39;/digital-garden-logo.png&amp;#39;] Setting the above values will be used as default for all pages unless its overridden in a specific page&amp;rsquo;s markdown.</description>
    </item>
    
    <item>
      <title>Pastry jelly cookie sugar donut orange</title>
      <link>https://example.org/portfolio/design1/</link>
      <pubDate>Sat, 18 Dec 2021 00:00:00 +0000</pubDate>
      
      <guid>https://example.org/portfolio/design1/</guid>
      <description>Croissant orange croissant dolor orange croissant. Lollipop biscuit donut vanilla sweet croissant. Apple donut candy tiramisu cream jelly. Croissant sweet cookie vanilla tiramisu dolor.
Pastry jelly cookie sugar donut orange. Candy sweet cookie sweet donut marzipan. Vanilla cookie sprinkles pastry orange cookie. Marzipan donut ipsum sugar biscuit vanilla.
Candy cookie muffin pastry lollipop vanilla. Apple orange tiramisu jelly ipsum sugar. Candy cake orange ipsum orange muffin. Sugar pastry orange cream orange pastry.</description>
    </item>
    
    <item>
      <title>Cream sugar apple donut apple croissant</title>
      <link>https://example.org/portfolio/design2/</link>
      <pubDate>Fri, 17 Dec 2021 00:00:00 +0000</pubDate>
      
      <guid>https://example.org/portfolio/design2/</guid>
      <description>Tiramisu sprinkles marzipan lollipop marzipan dolor. Jelly candy marzipan vanilla candy ipsum. Sugar croissant lollipop vanilla cream marzipan. Sprinkles croissant cream dolor jelly marzipan.
Pastry jelly cookie sugar donut orange. Candy sweet cookie sweet donut marzipan. Vanilla cookie sprinkles pastry orange cookie. Marzipan donut ipsum sugar biscuit vanilla.
Candy cookie muffin pastry lollipop vanilla. Apple orange tiramisu jelly ipsum sugar. Candy cake orange ipsum orange muffin. Sugar pastry orange cream orange pastry.</description>
    </item>
    
    <item>
      <title>Apple cream vanilla apple marzipan muffin</title>
      <link>https://example.org/portfolio/design3/</link>
      <pubDate>Thu, 16 Dec 2021 00:00:00 +0000</pubDate>
      
      <guid>https://example.org/portfolio/design3/</guid>
      <description>Tiramisu sprinkles marzipan lollipop marzipan dolor. Jelly candy marzipan vanilla candy ipsum. Sugar croissant lollipop vanilla cream marzipan. Sprinkles croissant cream dolor jelly marzipan.
Pastry jelly cookie sugar donut orange. Candy sweet cookie sweet donut marzipan. Vanilla cookie sprinkles pastry orange cookie. Marzipan donut ipsum sugar biscuit vanilla.
Candy cookie muffin pastry lollipop vanilla. Apple orange tiramisu jelly ipsum sugar. Candy cake orange ipsum orange muffin. Sugar pastry orange cream orange pastry.</description>
    </item>
    
  </channel>
</rss>
